{
    "model_name": "scenario_GenerousUI",
    "parameters": {
        "beta": 0.96,
        "sigma": 2.0,
        "alpha": 0.33,
        "A": 1.0,
        "r_guess": 0.02,
        "unemployment_benefit": 0.4,
        "tax_lambda": 1.0,
        "tax_tau": 0.15,
        "tax_transfer": 0.0,
        "theta_w": 0.75,
        "phi_pi": 2.0,
        "replacement_rate": 0.6
    },
    "agents": [
        {
            "name": "Household",
            "grids": {
                "asset_a": {
                    "type": "Log-spaced",
                    "n_points": 200,
                    "min": 0.001,
                    "max": 100.0,
                    "potency": 2.0
                }
            }
        }
    ],
    "income_process": {
        "n_z": 6,
        "z_grid": [
            0.4,
            0.3598688972344827,
            0.569393214882752,
            0.9009076239874891,
            1.425437686548325,
            2.2553617531162744
        ],
        "transition_matrix": [
            0.55,
            0.09,
            0.09,
            0.09,
            0.09,
            0.09,
            0.023684210526315794,
            0.7952153124999999,
            0.16741375000000017,
            0.013216875000000025,
            0.0004637500000000012,
            6.101973684210549e-06,
            0.023684210526315794,
            0.04185343750000004,
            0.8018237500000001,
            0.12590812500000012,
            0.006614539473684222,
            0.0001159375000000003,
            0.023684210526315794,
            0.002202812500000004,
            0.08393875000000006,
            0.8040326644736843,
            0.08393875000000008,
            0.002202812500000004,
            0.023684210526315794,
            0.0001159375000000003,
            0.006614539473684221,
            0.12590812500000012,
            0.8018237500000001,
            0.04185343750000004,
            0.023684210526315794,
            6.101973684210549e-06,
            0.0004637500000000012,
            0.013216875000000025,
            0.16741375000000017,
            0.7952153124999999
        ]
    }
}